Year,Year_OCD,Year established,ST,Diocese,Cd,Cd:Ret,ABp,ABp:Ret,Bp,AuxBp,Bp:Ret,Abts,Abts:Ret,Pr:DADio,Pr:AOtDio,Pr:DioForMsn,Pr:Ret/Sk/Abs,TotDPr,TotRPr,TotPriests,ExtPrDio,Ord:DPr,Ord:RPr,Ord:TrDeac,Ord:PrmDeac,PrmDeacDioTot,TotBr,TotSis,Prsh,PrshwResPstrD,PrshwResPstrR,PrshwoResPstr:Pr,PrshwoResPstr:Deac,PrshwoResPstr:Br,PrshwoResPstr:Sis,PrshwoResPstr:Lay,PrshwoResPstr:Tm,Vacant,Ms,PstrCenter,NewPrsh,ClsdPrsh,ProfMnstry:Br,ProfMnstry:Sis,ProfMnstry:LayMin,Hsp,Hsp:TotAssist,HCCntr,HCCntr:TotAssist,HmAged,HmAged:TotAssist,ResCrChld,ResCrChld:TotAssist,DyCr/XDyCrCntr,DyCr/XDyCr:TotAssist,SpHms,SpHms:TotAssist,SpCntrSocSvcs,SpCntrSocSvs:TotAssist,ResCrDis,ResCrDis:TotAssist,OthInst,OthInst:TotAssist,Sem:D,StdntDio,StdntOthDio,DStdntOthSem,Sem:R,StdntR,TotSemnr,Coll/Univ,Coll/Univ:TotStdnt,HS:D/Prsh,HS:D/Prsh:TotStdnt,HS:Prvt,HS:Prvt:TotStdnt,ElSch:D/Prsh,ElSch:D/Prsh:TotStdnt,ElSch:Prvt,ElSch:Prvt:TotStdnt,NResSchDis,NResSchDis:TotStdnt,RE:HSStdnt,RE:ElStdnt,RE:TotStdnt,Tchrs:Pr,Tchrs:Schlstics,Tchrs:Br,Tchrs:Sis,Tchrs:LayTchrs,InfBapt,AdltBapt,RcvdFullComm,FirstComm,Conf,Mar:Cath,Mar:Inter,TotMar,Dth,TotCath,TotPop
2004,2005,,NY,Albany,,,,,1,,,,,156,8,,75,98,101,199,12,3,2,1,,99,80,860,176,140,15,4,,,11,6,0,0,29,,,1,,11,6,4,746600,15,59160,10,1400,4,950,5,450,12,1540,25,265000,11,350,9,946,0,0,0,10,0,0,10,4,10594,4,1446,3,1488,30,6609,2,399,,,9401,29808,59755,0,,5,34,663,4300,280,170,4800,3650,950,550,1500,4500,400000,1300000
2004,2005,,LA,Alexandria,,,,,1,,,,,33,5,,20,58,12,70,11,4,,1,,5,4,35,48,32,10,5,,,1,,,,24,1,,,,4,16,2,141229,,,1,114,0,0,,,,,19,117689,2,172,,,0,0,0,10,0,0,10,,,3,554,,,8,2111,,,,,1193,2440,6308,,,4,10,185,722,80,86,658,592,137,90,227,669,48050,389449
2004,2005,1/28/1961,PA,Allentown,,,,,1,,1,,,167,12,2,51,230,79,309,1,5,,2,,98,,408,152,108,3,33,,,,,,,7,,,,,,,3,602948,1,37755,11,710,0,0,30,977,2,3900,15,42566,19,105,,,0,0,0,20,0,0,20,2,4640,9,3949,,,52,11640,,,3,117,,14541,34907,9,,,56,967,3499,139,,3893,3831,717,505,1222,3350,273249,1161932
2004,2005,5/27/1901,PA,Altoona-Johnstown,,,,,1,,1,,,96,7,,41,144,60,204,1,0,,,2,33,10,88,98,74,13,9,2,,,,,,5,,,1,,,,1,128339,1,288,3,327,0,0,,,,,2,33839,,,,,0,0,0,12,0,0,12,2,4012,3,1161,,,24,3766,,,,,3506,7573,20030,7,,1,20,495,1336,83,99,1454,1660,359,235,594,1617,105042,645268
2004,2005,8/25/1926,TX,Amarillo,,,,,1,,1,,,25,5,,16,46,12,58,3,1,,1,,50,1,99,35,19,6,9,1,,,,,,13,,,,1,3,14,,,,,1,56,0,0,1,60,2,20200,1,15000,,,0,0,0,0,0,3,0,0,3,,,1,135,,,6,688,,,,,1649,4708,7183,2,,,13,89,1459,134,316,1224,1117,176,48,224,273,43248,404328
2004,2005,2/9/1966,AK,Anchorage,,,1,1,,,,,,8,2,1,6,17,10,27,11,,,1,,18,2,38,19,14,2,1,1,,3,3,,,9,,,,2,20,22,4,427079,2,314,1,82,0,0,,,0,0,5,26000,,,,,0,0,0,2,0,0,2,,,1,70,0,0,1,344,1,125,,,250,2000,2791,,,,2,43,438,80,68,515,283,66,40,106,98,32170,401610
2004,2005,8/13/1974,VA,Arlington,,,,,1,,,1,3,127,7,2,17,153,64,217,26,1,,,,39,20,155,66,55,11,,,,,,,,6,,,,,8,63,,,,,,,0,0,,,,,7,30183,,,,,0,0,0,24,0,0,24,4,5639,3,3395,3,849,37,13007,1,186,0,0,3364,32395,58859,12,,1,56,1073,7511,841,445,7504,5378,949,587,1536,1603,398229,2628900
2004,2005,7/2/1956,GA,Atlanta,,,1,1,,,,,,149,12,,21,182,71,253,,3,,2,22,180,,99,79,68,11,,,,,,,,16,1,,,2,16,146,2,320715,1,150,4,124,0,0,,,1,23,35,4567,,,,,0,0,0,46,0,0,46,,,3,2121,4,959,15,6081,4,1260,,,6222,31812,48501,7,,,4,866,10267,549,1546,6510,2817,1071,595,1423,1666,367000,5300000
2004,2005,1/1/1948,TX,Austin,,,,,1,,1,,,134,7,,18,159,50,209,17,3,,2,2,194,49,105,103,79,24,22,,,,,,,22,1,,,2,11,169,4,791432,4,91780,2,860,0,0,4,185,2,50,1,300,1,3800,,,0,0,0,27,0,2,29,1,4651,3,393,2,510,14,3169,2,769,,,7432,27000,43953,3,,8,8,549,7088,509,745,5965,3532,1069,320,1389,1416,401842,2309396
2004,2005,5/19/1903,OR,Baker,,,,,1,,1,,,21,1,1,15,38,4,42,11,,,,,13,1,20,36,26,2,7,,,1,,,,27,,,,,6,15,5,347162,,,4,200,0,0,5,260,,,5,36500,,,,,0,0,0,4,0,0,4,,,,,,,3,654,,,,,1259,2203,4120,,,,,45,927,210,99,956,1102,134,81,215,306,36420,439500
2004,2005,,MD,Baltimore,1,,,1,,2,1,,,198,16,1,59,274,229,503,26,3,4,1,,171,65,1058,151,103,26,15,2,,2,3,,,8,,2,3,0,40,225,6,1037585,4,1694,24,2259,10,1209,11,2123,6,181,57,725823,1,225,1,3349,2,21,201,4,0,0,25,4,11728,9,4469,12,7223,63,22526,6,1566,1,128,3291,29152,80108,42,,14,78,2853,6965,504,769,6755,5495,1124,686,1810,4678,509579,3026296
2004,2005,7/20/1961,LA,Baton Rouge,,,,,1,,,,,56,1,,20,77,37,114,2,,2,,,38,9,116,68,47,12,8,,,,1,,,,,,,2,15,94,3,321675,,,7,651,0,0,,,5,317,8,151953,,,,,0,0,0,16,0,0,16,1,1990,6,2653,2,1709,25,11953,,,,,4432,8796,31549,1,,4,18,1020,2433,207,383,2620,2234,608,265,873,1699,203413,870624
2004,2005,9/29/1966,TX,Beaumont,,,,,1,,,,,30,3,,14,47,25,72,4,,,3,,33,2,26,45,24,15,3,,,,,,,8,2,,,2,10,35,3,358017,,,,,0,0,,,,,3,50258,,,,,0,0,0,7,0,0,7,,,1,476,,,6,1291,,,,,1470,7230,10474,,,,5,165,1385,209,244,1170,566,208,132,340,900,80618,600679
2004,2005,,IL,Belleville,,,,,1,,,,,79,3,,47,129,42,171,3,,,1,,28,7,204,124,74,1,38,2,,5,5,,,,,,,,20,25,5,534675,,,3,301,0,0,5,209,1,150,3,27000,,,,,0,0,0,6,0,0,6,,,3,1448,,,34,5780,,,,,1140,4425,12799,1,,1,20,419,1538,184,232,1523,1727,318,272,590,1351,110577,850000
2004,2005,3/1/1977,MS,Biloxi,,,,,1,,2,,,39,,,11,50,30,80,14,,,1,,26,25,43,45,35,8,2,,,,,,,12,,,,,7,15,,,,,7,656,0,0,,,,,7,124586,,,1,10816,0,0,0,12,0,0,12,,,4,98,1,530,14,3073,,,,,2399,3225,10219,,,5,11,356,809,469,203,1012,893,158,163,321,704,67715,801779
2004,2005,6/28/1969,AL,Birmingham,,,,,1,,1,1,1,53,5,1,19,78,42,120,0,3,1,,,41,16,143,74,44,14,8,2,,4,2,,,17,,,,,19,51,1,174688,1,29892,,,0,0,,,,,12,73496,,,,,0,0,0,9,0,0,9,,,5,1574,1,115,17,5361,1,236,1,120,1868,7029,16312,9,,0,11,526,1750,167,325,1298,1306,229,176,405,528,88515,2819062
2004,2005,12/31/1909,ND,Bismarck,,,,,1,,,1,3,41,3,,24,68,26,94,8,0,,2,3,69,21,123,62,40,6,14,2,,,,,,38,,,,1,6,31,4,294696,,,4,405,0,0,,,1,160,,,,,1,8,0,0,0,18,0,0,18,1,2757,3,988,,,11,1520,,,,,2741,6444,14468,,,,6,159,969,105,98,1087,1141,231,163,394,788,62739,258999
2004,2005,,ID,Boise,,,,,1,,,,,41,5,,35,81,13,94,5,2,,1,,51,6,90,51,41,2,6,,,2,,,,31,31,,,,7,57,5,841100,,,,,0,0,4,160,,,17,310000,,,,,0,0,0,23,0,0,23,,,1,659,,,13,2578,,,,,3148,6612,13020,,,,1,195,2420,286,230,2437,1026,334,169,503,723,146200,1395000
2004,2005,,MA,Boston,,1,1,,,5,,1,,466,34,7,343,850,601,1451,43,7,,2,14,254,191,2444,306,289,17,,,,,,,,,2,7,59,,42,64,8,1445613,3,6909,16,3633,0,0,11,1110,21,1722,43,20600,,,3,35410,2,31,71,8,1,51,90,7,22900,5,2137,30,15466,103,31002,10,2137,3,325,29968,107565,211590,18,,35,223,3681,21889,3620,254,21838,16409,4445,1094,5539,18646,2079730,4000403
2004,2005,8/6/1953,CT,Bridgeport,,,,,1,,,,,204,13,2,57,276,52,328,12,4,,2,6,98,0,396,87,82,5,,,,,,,,1,,,,,15,0,1,232787,,,3,867,0,0,1,53,10,40,17,10511,,,,,1,11,0,13,0,0,24,3,11161,5,2610,3,1263,34,8449,2,518,1,11,4070,31675,59781,10,,0,31,838,6036,109,0,5510,5692,1260,254,1514,3158,403757,899152
2004,2005,,NY,Brooklyn,,,,,1,3,2,,,340,40,,209,589,187,776,121,2,,6,,144,179,969,215,177,24,13,1,,,,,1,,2,,,11,141,160,4,662800,17,342010,6,1400,6,6702,28,4845,34,9500,94,108220,74,3190,29,3577,1,11,8,20,1,2,33,3,21901,4,2092,16,15599,144,44293,3,404,1,119,3770,45521,133732,12,,57,197,3465,19593,839,621,14290,11225,3080,375,3455,10503,1832235,4698009
2004,2005,7/10/1965,TX,Brownsville,,,,,1,,1,,,61,0,,14,75,41,116,7,3,0,0,,70,21,109,79,41,25,11,,,,,2,,47,1,1,,5,26,73,,,2,1035,2,226,0,0,1,68,,,6,38256,,,2,3704,1,9,0,15,0,0,24,,,,,2,836,8,2167,3,967,,,7936,28575,40505,2,,12,11,290,4014,660,560,6859,3003,709,74,783,2425,888004,1044711
2004,2005,,NY,Buffalo,,,,,1,1,2,,,238,7,,137,382,160,542,8,5,,3,5,108,48,1162,265,198,21,42,3,,1,,,,9,2,,,,68,156,6,1398442,1,1016,12,2006,0,0,3,217,2,165,5,237525,7,44,1,10091,2,20,5,1,1,0,21,7,16999,,,16,6071,76,17218,5,1025,1,516,12186,36559,90595,64,4,22,104,2748,5704,471,417,6783,5654,1518,575,2093,6947,702884,1573477
2004,2005,,VT,Burlington,,,,,1,,,,,64,2,,37,103,47,150,7,2,,1,,40,21,181,85,59,16,10,,,,,,1,42,1,,1,1,,,,,,,4,218,0,0,,,,,1,7007,,,,,0,0,0,9,0,0,9,2,3139,2,577,,,11,1547,4,810,,,2587,8068,16737,3,,,12,685,1492,102,124,1398,1162,329,154,483,1412,149460,608827
2004,2005,12/9/1937,NJ,Camden,,,,,1,,,,,183,12,3,102,300,40,340,26,2,,2,,115,18,344,125,120,5,,,,,,,,10,34,,,18,341,78,1,298136,2,12662,5,1257,1,7,2,24,1,902,1,7372,1,444,1,6200,0,0,0,29,0,0,29,,,7,6121,3,1434,56,12666,1,47,2,653,1482,33583,56015,10,,8,85,1346,6115,555,7248,6250,5756,1104,429,1533,4456,450271,1347648
2004,2005,,SC,Charleston,,,,,1,,1,,,54,3,1,31,89,41,130,26,2,1,,,84,20,131,92,81,29,3,2,1,2,,,,26,10,1,,,,,3,359894,,,1,17,0,0,,,,,7,41220,,,,,0,0,0,18,0,18,18,,,2,1271,2,410,26,5817,,,,,2194,7446,17156,3,,2,15,480,2441,305,441,2721,1997,351,290,641,1119,155259,4186392
2004,2005,1/12/1972,NC,Charlotte,,,,,1,,1,1,1,69,4,,36,109,65,174,5,3,,1,,76,10,117,69,49,20,,,,,,,,20,3,1,,3,18,84,,,13,184000,1,200,0,0,13,992,2,47,,,1,174,1,107,0,0,0,15,0,0,15,2,800,2,1636,,,16,5604,,,,,3265,16565,27885,4,,0,7,594,5124,262,681,3591,2553,501,349,850,796,145148,4600000
2004,2005,,WY,Cheyenne,,,,,1,,1,,,29,,,15,44,13,57,9,0,,2,1,16,6,27,36,28,8,,,,,,,,40,,,,6,26,75,,,,,2,153,1,110,2,50,20,,9,12829,,,,,0,0,0,13,0,0,13,,,,,1,29,6,893,,,,,1378,8291,10604,,,,4,99,840,180,162,783,1616,147,139,286,468,49459,503000
2004,2005,,IL,Chicago,1,,,,,6,4,,,553,22,2,265,842,815,1657,164,16,8,16,19,628,342,2508,372,295,53,23,,,1,,,,10,7,,1,15,135,544,20,3044402,2,17500,38,5548,3,800,33,2294,5,1029,120,582760,7,1041,10,141254,3,348,144,2,1,179,529,5,45148,6,1720,34,26864,231,77059,3,707,6,500,10840,103068,266455,69,6,43,217,5399,39550,1650,1500,30281,22323,6946,1395,8341,16850,2363000,6059000
2004,2005,,OH,Cincinnati,,,1,,,1,,,,192,6,1,86,285,223,508,4,8,0,3,,145,147,1089,222,159,20,37,1,,2,3,,,,,,,8,34,310,9,995000,2,400,13,2451,1,172,1,372,,,6,152294,1,37,6,5387,1,29,7,4,0,0,33,4,22110,17,12246,4,3098,106,36290,4,1666,1,133,6924,30187,112687,19,2,19,97,3094,7168,707,756,8056,7660,15660,944,2504,4282,500032,2819234
2004,2005,,OH,Cleveland,,,,,1,3,1,1,,304,7,5,117,433,127,560,33,3,,1,8,191,51,1250,233,203,15,5,5,,5,,,,1,2,,1,2,83,185,3,491548,,,24,4029,1,213,8,943,7,1093,23,1168732,2,306,3,56609,2,46,1,,0,14,60,3,6976,6,3392,17,10435,115,40607,9,2363,2,150,6232,41062,111277,26,,23,180,3603,9088,876,851,10768,11010,2195,1056,3251,8770,802767,2853155
2004,2005,1/30/1984,CO,Colorado Springs,,,,,1,,1,,,26,3,,11,40,28,68,6,,,,,28,3,120,34,20,7,4,2,,,,,1,9,,,,0,1,75,2,332429,2,109,2,103,0,0,,,,,,,,,,,0,0,0,7,0,0,7,,,,,1,350,6,1700,,,,,2831,2976,7864,,,,1,125,1644,181,194,1591,1474,191,137,328,497,156960,872000
2004,2005,,OH,Columbus,,,,,1,,1,,,111,11,,58,180,43,223,10,6,,2,,76,3,322,106,91,6,8,1,,1,,,,3,,,1,0,20,73,4,679321,2,45700,20,2024,0,0,1,178,,,28,391801,1,100,,,1,8,125,8,0,0,16,2,3444,11,4792,,,44,12589,2,515,,,901,15032,37289,1,,0,9,1050,3503,444,600,3943,3369,585,511,1096,1693,245413,2426455
2004,2005,3/23/1912,TX,Corpus Christi,,,,,1,,1,,,66,6,,25,97,40,137,22,1,5,2,,66,4,194,68,56,12,,,,,,,,31,3,1,,0,13,40,6,535165,,,2,121,0,0,2,174,2,2055,11,73084,,,,,0,0,0,14,0,4,18,1,34,,,1,235,14,2087,2,509,,,3313,10782,16978,7,,1,30,231,3097,193,239,2502,712,696,116,812,1780,386219,551741
2004,2005,,KY,Covington,,,,,1,,1,,,49,,,45,94,5,99,1,1,,1,,28,8,372,46,38,,3,2,,3,,,,6,,,0,,11,46,3,481207,,,3,952,2,204,2,154,,,4,76638,,,1,3297,0,0,0,12,0,0,12,,,7,2592,2,748,27,8517,2,460,,,290,3404,16023,1,,1,49,702,1266,436,167,1658,1558,308,178,486,896,89736,464629
2004,2005,12/31/1909,MN,Crookston,,,,,1,,,,,27,5,,14,46,2,48,4,1,,,,15,1,128,68,23,2,43,,,1,,,,,,,,1,14,41,3,50843,,,2,370,0,0,1,49,,,,,,,,,0,0,0,6,0,0,6,,,1,180,,,9,1334,,,,,1799,3783,7102,,,,5,132,509,49,89,496,606,127,102,229,411,42143,249226
2004,2005,,TX,Dallas,,,,,1,,1,1,,70,5,,27,102,73,175,32,2,1,,,145,15,127,67,47,11,9,,,,,,,8,,,,2,46,308,0,0,,,1,49,0,0,7,386,,,15,37063,,,,,1,8,22,7,1,15,30,1,3005,3,1698,4,2083,33,10779,2,534,1,123,5249,36565,60066,25,6,5,60,1087,16451,670,504,10959,6780,1300,430,1730,1423,887988,3418063
2004,2005,,IA,Davenport,,,,,1,,,,,81,7,,28,116,2,118,4,1,,,,46,1,187,84,58,2,22,,,,2,,,1,1,,1,,14,46,3,455500,,,2,346,0,0,,,,,1,5300,,,,,1,4,0,7,0,0,11,2,3875,7,1441,,,18,3844,,,,,2767,9393,21331,2,,,5,387,254,256,204,1977,1733,351,273,624,1061,103037,728048
2004,2005,,CO,Denver,1,,1,1,,1,,1,,111,5,,46,162,113,275,31,5,,4,,165,13,317,120,98,16,,1,,,,,,29,,,,11,318,220,3,313533,5,750,11,3457,0,0,10,938,1,88,22,117669,16,48,1,67,1,71,16,2,0,0,73,1,16335,2,1000,5,2365,42,11003,2,592,,,3524,23427,58319,11,,2,36,1190,12269,983,0,8579,5621,1374,490,1864,2612,344042,2996708
2004,2005,8/12/1911,IA,Des Moines,,,,,1,,,,,64,3,1,26,94,10,104,1,2,,0,,75,4,87,83,50,5,26,2,,,,,,,,,,,13,9,3,887267,,,1,380,0,0,,,1,986,5,75028,,,,,0,0,18,,0,0,18,1,659,2,1365,,,16,4914,,,,,1815,10282,19053,1,,0,8,435,2023,174,287,1889,1643,286,263,549,845,97978,718153
2004,2005,,MI,Detroit,1,,,,,5,2,,,302,8,2,134,446,214,660,46,9,2,0,8,141,103,1837,305,243,29,31,2,,,,,,6,,,,,,,12,1622114,8,14206,12,2441,8,1589,2,676,8,3011,13,25883,1,70,,,2,32,66,2,2,12,46,4,20317,14,4262,16,8480,101,37418,7,1877,,,1563,64445,138408,8,,22,100,2575,14068,1225,1629,16846,10921,2830,1641,4471,11073,1457780,4441551
2004,2005,5/19/1951,KS,Dodge City,,,,,1,,,,,20,2,,14,36,8,44,4,,,0,,9,,99,45,15,3,27,,,,,,,,,,,,15,2,3,99338,,,,,0,0,,,,,4,3600,,,,,0,0,0,3,0,0,3,,,,,,,8,907,,,,,1878,3756,6544,,,,,87,1115,73,104,959,609,203,72,275,350,55053,222502
2004,2005,,IA,Dubuque,,,1,1,,,,1,2,125,8,,93,226,31,257,2,4,,0,0,76,24,839,195,87,1,83,7,5,10,2,,,1,1,1,5,1,50,350,7,1400102,3,372,6,620,0,0,1,24,,,2,201,,,,,1,2,2,7,1,91,100,3,4409,7,2636,,,50,11283,,,,,5804,12037,36269,3,,,19,963,3067,108,313,3339,2970,721,492,1213,2121,210509,927161
2004,2005,,MN,Duluth,,,,,1,,,,,48,4,,20,72,9,81,3,0,,4,2,35,1,146,93,43,6,41,3,,,,,,,,,,1,2,48,2,412401,,,2,305,0,0,1,146,,,,,,,,,0,0,0,17,0,0,17,1,3015,,,,,12,1812,,,,,3547,4549,12940,,,,10,149,937,47,95,845,730,211,174,385,1051,68950,431000
2004,2005,3/3/1914,TX,El Paso,,,,,1,,,,,55,2,,23,80,34,114,3,,,,,10,13,254,58,38,15,2,3,,,,,,22,,,,,20,32,,,,,1,90,0,0,,,,,,,,,,,1,9,1,2,2,24,35,,,1,522,2,671,9,3195,3,857,,,5671,13740,24691,4,,5,32,316,9538,144,288,6062,3957,1298,130,1428,2064,656035,811739
2004,2005,,PA,Erie,,,,,1,,1,,,159,8,,46,213,7,220,4,0,,2,11,41,,413,126,102,3,21,,,,,,,19,,,,,16,12,1,171999,,,4,879,0,0,2,170,2,169,9,105878,,,1,190,1,11,0,13,0,0,24,2,6819,5,1649,2,1144,36,7488,1,352,,,6141,9545,33162,19,,,29,706,1801,233,220,2463,2191,474,322,796,2650,225934,874057
2004,2005,11/11/1944,IN,Evansville,,,,,1,,,,,56,2,,29,87,6,93,0,3,,2,0,21,2,276,70,47,3,18,1,,1,,,,,5,,,,17,60,2,457263,1,58,3,125,0,0,1,272,,,9,135200,,,,,0,0,0,7,0,0,7,,,4,1591,,,24,6383,,,1,43,2097,6092,16213,0,,2,12,478,1190,86,147,1402,502,336,223,559,848,87872,494218
2004,2005,8/8/1962,AK,Fairbanks,,,,,1,,,,,9,1,,1,11,14,25,2,1,,,1,38,3,20,47,6,11,,,3,2,17,1,7,,2,,,3,20,17,,,,,,,0,0,,,,,2,2050,,,,,0,0,0,2,0,0,2,,,1,225,,,1,290,,,,,580,1620,2717,1,,,1,0,322,10,40,350,189,63,25,88,119,17900,158000
2004,2005,3/12/1904,MA,Fall River,,,,,1,,,,,114,8,2,35,159,113,272,1,1,,1,0,85,16,233,96,83,11,2,,,,,,,17,,2,7,,8,72,1,147857,0,0,4,541,1,159,1,52,3,78,5,39120,,,31,,0,0,0,10,0,0,10,1,2328,4,2954,,,26,5424,,,,,6034,28722,45672,18,,7,5,690,4447,101,108,4465,4077,1167,291,1458,4000,344474,834604
2004,2005,,ND,Fargo,,,,,1,,1,,,88,15,1,50,154,7,161,7,3,,4,3,42,,170,149,72,2,75,,,,,,,,,,10,,3,53,9,107743,,,13,1550,0,0,1,18,1,,5,7275,,,,,1,6,5,8,0,0,14,,,1,293,,,13,1811,,,,,3547,7848,13513,1,,,,175,1275,53,149,469,4530,265,175,440,798,78228,373963
2004,2005,,IN,Fort Wayne-South Bend,,,,,1,,,,,61,0,,26,87,157,244,23,1,6,1,,19,132,558,84,58,15,11,,,,,,,,1,,,1,32,99,4,223612,5,44485,8,2008,0,0,2,980,,,8,153079,0,0,5,9794,0,0,0,14,1,23,37,5,15848,4,3183,,,41,11034,,,,,803,9103,40008,0,,,0,780,2743,320,444,3067,2794,529,332,861,1576,155715,1212932
2004,2005,8/22/1969,TX,Fort Worth,,,,,1,,,,,42,4,1,17,64,51,115,0,1,,1,0,73,6,83,88,37,23,19,7,1,,,,,3,,,,6,12,325,1,160000,1,3200,6,902,0,0,,,16,36000,,,,,,,0,0,0,15,0,0,15,1,50,4,1443,,,15,5103,1,211,,,7452,19786,34060,0,,0,0,0,6385,885,660,6166,3036,884,543,1427,1086,425781,2834051
2004,2005,12/15/1967,CA,Fresno,,,,,1,,,,,92,3,,47,142,31,173,17,4,,1,0,31,,122,86,55,12,19,,,,,,,46,,,,1,23,122,3,533988,,,2,215,0,0,14,521,1,360,7,67772,,,,,0,0,0,20,0,0,20,,,2,1295,,,23,5212,,,,,8834,26665,42026,1,,,21,355,18020,605,406,11730,4483,2039,317,2356,3625,581000,2327272
2004,2005,12/16/1939,NM,Gallup,,,,,1,,,,,26,5,,9,40,23,63,0,,,,0,31,12,130,53,21,15,11,3,,3,,,,25,,,,2,20,4,,,,,1,52,1,62,3,60,1,24,24,65150,,,1,49320,0,0,0,1,0,0,1,,,,,2,250,,,10,1441,,,1030,3336,6058,1,,4,26,99,889,241,106,822,642,140,50,190,784,56792,468000
2004,2005,,TX,Galveston-Houston,,,1,,0,2,,,,148,3,1,48,200,206,406,30,3,,1,0,378,10,504,150,100,47,3,,,,,,,8,17,,1,,,,4,356212,5,54068,3,396,2,365,39,2763,4,3134,11,344672,,,,,1,23,30,9,7,13,45,1,3648,2,320,6,3362,43,10019,6,2017,,,16127,67813,103351,13,0,2,53,1460,21719,1897,871,18382,9304,2731,771,3502,3623,1018109,5061036
2004,2005,12/17/1956,IN,Gary,,,,,1,,,,,73,6,1,28,108,43,151,9,1,,1,0,46,10,98,72,60,4,8,,,,,,,4,6,,1,3,11,54,6,1047409,,,3,400,3,206,2,500,2,700,7,10000,,,,,0,0,0,8,1,7,15,1,1320,3,1314,,,24,6630,,,,,475,9675,19429,5,,,13,509,1977,136,182,2264,1922,448,239,687,1837,185200,773026
2004,2005,7/20/1971,MI,Gaylord,,,,,1,,,,,44,3,,19,66,12,78,7,2,,2,2,17,1,36,81,44,7,18,7,,3,2,,,,,,,1,7,34,3,375000,,,,,2,45,7,178,1,250,23,6399,,,,,0,0,0,9,0,0,9,,,4,649,,,16,2603,,,,,1704,4383,9348,,,,2,196,999,105,159,958,1176,214,122,336,873,76364,511413
2004,2005,4/11/1917,NE,Grand Island,,,,,1,,1,,,40,3,1,28,72,0,72,0,1,,0,,,,68,36,36,,,,,,,,13,33,,,1,,,,,,2,167358,1,75,0,0,,,,,,,,,,,0,0,0,2,0,0,2,,,4,679,,,7,824,,,,,2647,3808,7960,,,,1,114,1096,87,135,1066,758,180,157,337,595,57833,301328
2004,2005,,MI,Grand Rapids,,,,,1,1,2,,,74,4,,28,106,14,120,12,1,0,1,1,32,1,257,90,78,1,8,1,,,2,,,12,2,,,1,11,132,2,593000,,,1,145,0,0,,,1,5745,8,36117,,,8,12470,0,0,0,8,0,0,8,1,2338,4,1882,,,39,7620,,,,,2244,11819,25911,,,,7,493,2533,292,,2873,2503,536,337,873,1359,162670,1283717
2004,2005,5/18/1904,MT,Great Falls-Billings,,,,,1,,,,,35,4,0,30,69,14,83,8,,,,,7,1,66,66,28,10,21,3,,,,4,,44,,,,1,11,39,3,499420,1,325,2,660,0,0,8,458,,,3,70694,,,,,0,0,0,5,0,0,5,1,801,2,399,1,192,8,1511,4,686,,,1297,3601,8132,2,,,12,253,874,102,143,916,1037,135,227,362,771,50377,391360
2004,2005,,WI,Green Bay,,,,,1,1,2,1,3,113,5,3,80,201,114,315,7,2,1,2,11,118,32,654,183,94,21,56,1,,8,3,,,3,15,,2,,51,176,7,270080,,,15,1464,0,0,2,100,4,9869,8,191284,1,6,,,0,0,0,16,1,6,22,2,3195,5,1332,1,780,65,9939,,,,,9500,19000,43768,0,,3,22,742,4409,173,239,4272,3638,1138,416,1554,3298,375694,951124
2004,2005,3/10/1951,PA,Greensburg,,,,,1,,1,1,,91,5,,39,135,74,209,0,,1,0,,,50,216,102,74,8,20,,,,,,,,,,,,15,71,1,20298,,,2,142,0,0,,,,,6,14988,1,75,7,9,0,0,0,3,1,15,18,2,4743,2,822,,,18,3811,3,244,,,1439,11758,22835,27,,39,21,452,1724,90,283,2066,2161,466,326,792,2650,168488,675058
2004,2005,,PA,Harrisburg,,,,,1,,,,,107,7,,35,149,35,184,16,3,,0,,47,,426,89,76,10,3,,,,,,,8,,,,,,,1,223527,,,4,960,1,181,1,7,4,202,16,5259,,,,,0,0,0,13,0,0,13,,,7,3826,,,39,9916,3,111,,,1554,18546,33966,1,,,55,800,2728,672,428,2861,3187,452,559,1011,2341,248216,2027835
2004,2005,,CT,Hartford,,,1,1,,2,,,,233,14,,102,349,133,482,33,2,,0,17,298,37,807,215,174,21,20,,,,,,,1,,,,4,34,101,3,852362,1,60,2,350,1,95,9,393,1,50,28,19138,9,33,,,1,0,0,9,1,109,118,2,4199,4,2086,5,2786,65,15124,2,272,,,13834,52040,90459,6,,7,69,1390,8817,177,430,9485,7878,1771,352,2123,8651,685432,1901131
2004,2005,,MT,Helena,,,,1,1,,,,,53,11,1,22,87,6,93,3,0,,,,31,2,39,59,41,3,10,2,,3,,,,39,14,,,2,39,,3,160856,,,,,0,0,3,145,,,,,,,,,1,4,0,10,0,0,14,1,1486,2,318,,,5,894,,,,,1200,4040,7952,7,,1,3,178,605,393,111,862,1075,163,142,305,766,58014,519731
2004,2005,9/10/1941,HI,Honolulu,,,,,1,,1,,,27,10,,25,62,76,138,25,,,1,,55,53,179,66,25,21,13,1,,,,,,,,,,1,9,21,2,351517,4,32122,,,0,0,,,1,66,17,14730,,,1,101,0,0,0,1,0,0,1,1,4089,3,1889,4,2739,29,5626,,,,,2126,6954,23424,2,,9,57,587,2914,343,267,2335,1265,504,266,770,1818,236933,1257608
2004,2005,6/5/1977,LA,Houma-Thibodaux,,,,,1,,,,,43,1,,17,61,9,70,8,1,,0,,27,3,32,39,34,3,2,,,,,,,3,,,,,6,10,,,,,,,0,0,1,65,1,60,6,7000,,,,,0,0,0,5,0,0,5,,,3,1868,,,10,4104,,,,,2400,6758,15135,,,3,3,347,1598,81,67,1372,1288,326,60,386,1145,113984,202000
2004,2005,12/19/1944,IN,Indianapolis,,,1,,,,,1,2,107,1,,45,153,111,264,14,2,,,,2,33,684,139,89,17,19,1,,10,3,,,11,,,,1,21,237,2,1110104,,,4,640,0,0,2,217,3,287,6,214336,,,,,0,0,0,31,1,10,41,2,3243,7,3488,3,2245,61,17714,,,,,2317,10401,39449,4,,0,11,980,4528,567,680,4147,2921,596,500,1096,2042,234574,2430606
2004,2005,6/6/1977,MS,Jackson,,,,,1,,1,,,43,3,1,10,57,29,86,0,2,,0,,7,16,219,74,34,18,12,1,1,4,4,,,29,,,,4,19,14,1,95099,2,9450,1,225,2,320,2,401,7,2101,5,26890,3,60,3,78,0,0,0,7,0,0,7,1,23,4,1093,,,15,3436,,,,,996,3949,9504,,,3,15,310,912,118,313,771,477,92,159,251,472,50646,2111593
2004,2005,7/2/1956,MO,Jefferson City,,,,,1,,1,,,70,2,0,29,101,8,109,10,1,,2,3,52,2,82,95,65,6,18,2,,3,1,,,15,,,,2,82,25,1,260000,13,155000,2,212,0,0,,,1,,2,36000,,,,,0,0,0,12,0,0,12,,,2,1131,,,38,6418,,,1,20,2500,6477,16558,,,2,20,510,1370,254,288,1476,1454,323,249,572,828,89743,585368
2004,2005,3/24/1949,IL,Joliet in Illinois,,,,,1,,2,1,1,132,5,2,57,196,109,305,14,6,1,2,0,186,67,601,122,97,16,8,,,,1,,,11,,,,,50,247,3,637090,,,13,1826,0,0,4,1040,1,2000,5,59667,1,120,,,0,0,0,23,0,0,23,3,12187,4,2501,4,3370,57,18309,,,,,3218,58935,98493,12,,21,69,1730,9610,320,556,10120,7853,1478,568,2046,3639,636862,1768390
2004,2005,6/23/1951,AK,Juneau,,,,,1,,,,,5,2,,5,12,2,14,1,,,,,3,,4,11,7,3,1,,,,,,,,,,,,3,9,1,40000,,,,,0,0,1,100,,,1,10261,,,1,15150,0,0,0,2,0,0,2,,,,,,,1,135,,,,,150,600,887,,,,,14,100,31,24,95,93,14,9,23,39,7352,71972
2004,2005,7/21/1971,MI,Kalamazoo,,,,,1,,1,,,37,2,,16,55,10,65,8,1,,3,,26,1,170,46,38,7,3,3,,2,,,,13,1,,,1,8,40,3,680818,,,5,440,0,0,15,415,1,292,5,37718,,,,,0,0,0,19,0,0,19,,,3,769,,,21,3436,,,,,1653,6611,12488,0,,,5,286,1445,192,231,1487,1088,271,189,460,964,117696,951708
2004,2005,8/9/1952,KS,Kansas City in Kansas,,,1,1,,,1,1,2,76,1,2,22,101,55,156,8,4,1,1,,,18,615,118,62,14,42,,,,,,,,,1,1,2,20,63,3,460223,3,19254,3,456,0,0,,,,,17,124234,1,513,,,0,0,0,21,0,1,22,3,3907,6,3245,1,243,44,12533,1,30,,,1694,16452,38126,,,,14,1127,4107,338,524,3469,3551,690,426,1116,1451,198165,1193425
2004,2005,8/29/1956,MO,Kansas City-St. Joseph,,,,,2,,,1,1,69,4,1,44,118,89,207,2,2,,0,4,61,34,268,86,60,16,1,1,,3,3,,1,12,,,,5,33,480,3,300622,,,15,952,0,0,12,896,,,2,31000,1,30,,,0,0,0,13,1,0,13,2,5709,4,1389,3,1991,32,9697,1,365,,,839,7476,27479,3,,,6,707,2445,417,331,2365,1680,444,387,831,1324,143941,1394040
2004,2005,9/8/1988,TN,Knoxville,,,,,1,,,,,45,2,,7,54,16,70,8,,,3,,24,10,33,44,34,3,8,,,,,,,2,2,,,1,2,31,2,455155,1,379,1,520,0,0,,,1,0,6,70270,,,,,0,0,0,8,0,0,8,,,2,1093,,,8,2496,,,,,1292,3992,8881,2,,1,4,267,979,121,218,908,664,122,122,244,362,52949,2193608
2004,2005,,WI,La Crosse,,,,,1,,1,,1,105,7,2,64,178,18,196,18,0,,,,31,3,476,165,105,4,52,,,5,,,,,,,,,13,40,9,602327,,,12,1202,0,0,2,200,6,10724,2,3125,,,,,1,2,4,17,0,0,19,1,2167,7,1663,,,62,8763,,,,,6146,13930,32688,6,,,20,826,2522,112,253,2990,4529,694,355,1049,2126,199200,863610
2004,2005,10/21/1944,IN,Lafayette in Indiana,,,,,1,,0,,,73,22,,14,109,20,129,4,0,,,,6,3,76,62,51,4,7,,,,,,,,,,,2,9,393,8,941713,,,2,400,,,,,,,,,,,,,0,0,0,14,0,0,14,3,5976,2,461,,,21,4487,,,,,3271,9815,24024,1,,2,9,324,2081,248,304,2328,1618,287,282,569,818,98003,1176736
2004,2005,1/11/1918,LA,"Lafayette, LA",,,,,1,,2,,,107,8,1,42,158,44,202,8,3,,,,65,24,157,121,80,18,18,5,,,,,,30,,,,,7,72,1,124349,1,19828,5,1200,0,0,1,,7,2300,6,248956,,,,,1,0,29,,1,15,44,,,9,3750,1,129,29,10564,2,610,,,9005,19461,43563,,,2,10,985,4835,157,465,4366,3611,1128,184,1312,3627,307944,568154
2004,2005,4/25/1980,LA,Lake Charles,,,,,0,,1,,,52,1,,17,70,13,83,,,,,,33,1,21,29,24,5,,,,,,,,20,,,,1,8,58,1,145355,,,1,65,0,0,1,65,,,1,145355,,,,,0,6,0,,0,0,6,,,1,529,,,7,2013,,,,,2350,5687,10585,,,,2,209,1152,100,513,1083,1022,244,108,352,896,76414,277849
2004,2005,5/22/1937,MI,Lansing,,,,,1,,,,,99,9,1,41,150,41,191,21,3,1,5,0,86,9,524,95,75,10,3,,,6,1,,,,2,,,7,73,209,4,1919236,4,5970,2,206,0,0,1,100,3,241,11,132303,1,70,1,50,0,0,0,15,0,0,15,3,2264,4,2280,1,33,38,8875,4,664,,,2790,21455,36226,10,,,14,699,3418,489,823,4035,3228,563,439,1002,1852,220216,1792319
2004,2005,7/3/2000,TX,Laredo,,,,,1,,,,,25,1,,1,27,24,51,0,,,2,,29,6,74,32,20,11,1,,,,,,,20,,,,6,56,12,0,0,,,,,1,70,,,0,0,1,150000,,,,,0,0,0,6,0,0,6,,,1,650,,,5,856,1,519,,,1680,6720,10431,,,1,11,131,3466,400,765,3221,857,468,16,484,1062,225150,306200
2004,2005,10/18/1982,NM,Las Cruces,,,,,1,,,,,17,1,,12,30,44,74,11,,,3,4,42,6,42,44,13,22,7,2,,,,,,47,2,,,2,1,13,,,0,0,,,0,0,1,50,,,1,8000,,,,,0,0,0,2,0,0,2,,,,,,,1,88,4,434,,,2301,7302,10127,,,,2,48,2293,227,217,2253,1330,324,58,382,1063,132646,498308
2004,2005,3/21/1995,NV,Las Vegas,,,,,1,,,,,27,2,,8,37,21,58,34,1,,,,7,3,6,25,13,3,8,,,,,1,,7,,,,2,5,46,0,0,,,,,0,0,1,23400,,,24,2500000,,,1,2200,0,0,0,6,0,0,6,,,1,885,,,7,2865,,,,,2551,10926,17233,0,,,1,176,5664,333,198,3886,1846,501,147,648,804,527953,1700000
2004,2005,3/2/1988,KY,Lexington,,,,,1,,1,,,31,1,,12,44,23,67,0,1,,4,35,39,5,130,59,34,9,,2,2,8,2,,,5,,,,2,27,34,7,1102274,4,71632,1,82,0,0,,,,,1,8000,,,,,0,0,0,7,0,0,7,,,1,854,1,59,13,3029,1,184,,,670,2598,7401,1,,,14,310,626,316,103,842,759,101,143,244,291,45815,1492784
2004,2005,,NE,Lincoln,,,,,1,,,,,121,6,,25,152,8,160,7,4,7,3,,2,,134,133,83,1,49,,,,,,,1,,,3,,,2,3,227925,,,3,276,0,0,,,,,22,43700,1,17,1,5891,1,24,15,10,1,58,92,,,6,1925,,,27,5136,,,1,17,2144,5413,14727,33,,,38,505,1359,137,178,1117,1427,241,165,406,747,89236,538554
2004,2005,,AR,Little Rock,,,,,1,,1,1,1,53,1,,17,71,51,122,18,1,,2,,75,30,241,88,51,15,20,1,,1,,,,35,4,,,,26,50,12,1169559,6,36379,26,825,0,0,21,1337,1,53,1,2404,,,7,21873,0,0,0,19,0,0,19,,,5,1020,2,712,30,6279,,,,,1786,6765,16581,8,,5,17,552,3002,281,433,2532,1415,292,301,593,968,107099,2725714
2004,2005,,CA,Los Angeles,,,1,0,,6,3,1,,356,11,1,162,530,640,1170,77,6,8,4,12,243,173,1710,288,193,69,20,,,2,,4,,7,3,,,9,136,535,13,1296706,7,13403,6,3120,2,580,82,6220,11,2543,80,450128,2,114,4,172,1,50,85,18,0,21,89,5,11845,28,16426,22,13793,216,62796,9,2627,,,32000,240000,379576,17,2,81,276,6160,86526,3507,3526,58229,23955,10628,1138,11766,12873,4349267,11258600
2004,2005,,KY,Louisville,,,1,,,0,2,1,1,98,7,2,57,164,61,225,,4,2,2,,109,65,832,112,88,9,9,3,,3,1,,,10,2,,,5,28,172,2,203375,1,2500,5,1023,2,150,1,150,,,8,31400,,,,,0,0,0,7,0,0,7,3,4565,4,2360,5,3976,49,16591,3,509,1,52,1350,6154,35564,5,,8,21,1869,2685,336,444,2869,2655,555,347,902,1669,196888,1180143
2004,2005,6/17/1983,TX,Lubbock,,,,,1,,,,,28,2,,10,40,6,46,6,1,,,,46,,26,62,55,7,,,,,,,,,,,,,,,1,223112,35,451178,,,0,0,,,,,,,,,1,37000,0,0,0,5,0,0,5,,,1,15,,,2,295,,,,,2728,6252,9295,,,,33,30,1490,204,190,1125,797,300,50,350,409,80472,489910
2004,2005,1/1/1946,WI,Madison,,,,,1,0,2,,,94,1,,51,146,19,165,2,0,,,0,24,7,275,135,88,2,45,,,,,,,,,,,7,23,149,4,386213,2,669,4,1023,0,0,12,931,0,0,7,36120,1,375,,,0,0,0,12,0,0,12,1,2422,,,2,618,45,7238,2,294,,,8094,15154,33832,,,2,23,1334,3014,94,231,2763,2586,568,364,932,1862,271030,957859
2004,2005,,NH,Manchester,,,,,1,1,2,1,,116,5,,90,211,53,264,3,1,0,2,1,48,24,559,117,108,9,,,,,,,,21,,,3,,0,0,2,299220,0,0,9,1059,2,46,4,410,,,11,58000,,,,,0,0,0,12,0,0,12,4,4536,3,1691,1,886,22,5366,3,1347,,,5399,27454,46691,0,,7,31,628,3486,116,355,4187,3012,621,259,880,3022,310206,1287687
2004,2005,,MI,Marquette,,,,,1,,1,,,46,4,,36,86,10,96,11,2,,,4,32,0,51,74,43,7,21,,,3,,,,23,,,,,11,12,1,87000,,,1,123,0,0,,,,,6,2673,,,,,0,0,0,10,0,0,10,,,,,,,9,1467,,,,,2540,5094,9111,,,,4,102,747,64,134,829,2910,239,156,395,1196,68400,308979
2004,2005,1/16/1971,TN,Memphis,,,,,1,,,,,40,3,,21,64,16,80,11,1,,2,,51,43,85,42,33,6,1,1,,1,,,,5,1,,,,4,42,,,,,2,300,0,0,,,3,350,1,17800,,,,,0,0,0,8,0,0,8,1,1841,4,1237,2,1197,21,5098,2,508,2,49,578,3862,14378,0,,10,23,595,1390,149,242,1277,1115,144,155,299,530,64848,1455808
2004,2005,11/19/1981,NJ,Metuchen,,,,,1,,1,,,142,32,,32,206,52,258,25,3,,1,18,155,18,368,103,99,4,5,,,,,,,5,,,,7,45,103,1,332562,2,3821,2,360,0,0,3,391,6,242,9,17519,,,,,0,0,0,7,0,0,7,,,4,2369,2,1211,42,12460,,,1,41,1466,41465,59019,,,14,92,1170,6334,136,369,7275,6629,1104,241,1345,3972,604375,1438989
2004,2005,8/13/1958,FL,Miami,,,1,1,,1,2,,,181,5,1,78,265,104,396,79,4,1,4,0,138,56,307,111,101,10,,,,,,,,7,2,,,3,47,139,2,777162,3,12606,5,5897,6,399,7,3060,6,13244,6,509554,0,0,13,2472,1,18,35,25,0,7,50,2,11619,9,9636,4,3173,59,24169,2,1015,2,11670,3946,39081,104359,22,,22,56,2899,16382,770,717,13912,9070,2373,353,2726,4848,667504,4151454
2004,2005,3/25/1985,DC,"Military Services, USA",,,1,1,,3,2,,,,,,,,,,,,,,,,,,,,,,,,,,,,,,,,,,,,,,,,,0,0,,,,,,,,,,,0,0,0,,0,0,,,,,,,,,,,,,,21000,44200,65200,,,,12,220,3978,747,323,2662,2302,465,313,778,,,1411500
2004,2005,,WI,Milwaukee,,,1,1,,1,,1,1,222,15,2,160,399,339,738,30,2,1,3,,147,65,2360,219,166,20,26,1,,,6,,,,13,,,1,50,393,11,2371204,1,10876,18,3780,0,0,4,408,3,855,22,234774,6,1258,,,1,25,0,2,3,137,164,5,25974,7,3977,6,2666,119,30446,3,200,1,9,15264,36320,115020,46,0,8,128,3534,9213,347,775,8678,5930,1828,850,2678,5688,704884,2262838
2004,2005,,AL,Mobile,,,1,,,,,,,71,9,,31,111,32,143,8,2,1,0,,62,10,139,76,53,15,8,,,,,,,11,3,,,5,16,22,1,169465,2,4875,3,295,1,130,4,403,,,11,73994,3,130,2,288,0,0,0,8,0,0,8,1,1867,3,1405,,,16,4826,,,,,1079,3621,12806,7,,4,12,484,1120,180,343,1156,1167,206,154,360,606,66476,1658301
2004,2005,,CA,Monterey in California,,,,,1,,,,,49,,,31,80,24,104,15,1,,,,5,37,144,46,36,6,3,1,,,,,,8,,,,0,15,41,1,141862,,,3,434,0,0,,,,,1,25000,,,,,0,0,0,10,1,2,12,,,2,668,3,1094,10,2702,3,720,,,1565,18383,25144,3,,5,15,350,6050,132,906,4405,1194,783,139,922,2122,195000,975451
2004,2005,,TN,Nashville,,,,,0,,1,,,33,3,,10,46,29,75,11,,,,3,54,1,184,51,27,14,9,1,,,,,,3,2,,,1,6,37,5,248012,0,0,1,230,0,0,3,610,,,9,65400,,,,,0,0,0,11,0,0,11,1,853,2,1490,1,262,17,3907,2,635,,,787,6619,14564,2,,,36,533,1623,180,290,1657,1289,191,215,406,420,72252,2131250
2004,2005,,LA,New Orleans,,,1,2,,2,1,1,,148,10,1,61,220,195,415,23,1,0,1,,186,103,695,142,103,32,7,,,,,,,8,1,,,,,,,,4,119053,26,2991,2,266,16,1498,6,6732,68,108145,11,226,15,5175,2,24,122,,2,32,56,3,11091,10,6196,13,10479,72,30342,10,2254,1,223,3911,14123,78675,93,,29,134,4396,5845,524,505,5723,5290,1451,436,1887,3980,490898,1361488
2004,2005,11/18/1957,MN,New Ulm,,,,,1,,,,,43,4,2,22,71,1,72,1,1,,2,,3,,69,80,40,,26,1,,14,1,,,2,,,,,24,132,2,9051,2,12661,5,239,0,0,,,,,,,2,1725,1,100,0,0,0,6,0,0,6,,,3,459,,,17,2675,,,,,3568,6591,13299,,,,3,214,998,46,94,965,1124,217,157,374,830,68943,285453
2004,2005,,NY,New York,1,,,,,5,6,,,497,36,,151,684,849,1533,292,13,,7,7,364,458,3161,409,295,78,20,1,,,,,,,,,,14,133,1179,14,2060587,3,172607,17,22508,89,4034,115,5117,40,22651,728,310190,67,1230,480,34342,2,41,11,0,2,118,159,11,55386,23,14221,29,15536,217,79030,19,3183,6,284,3027,108827,279653,79,,92,426,5415,27767,1224,1239,25956,20589,4733,1245,5978,15123,2529168,5620374
2004,2005,,NJ,Newark,,,1,1,,3,3,1,,448,51,15,221,735,196,931,75,14,0,11,0,189,96,1139,234,204,30,9,,,,,,,1,,,,9,112,267,9,1489585,13,5214,6,697,0,0,147,5338,6,988,34,67436,2,38,11,2342,3,94,46,6,1,14,114,4,17503,14,7799,22,9134,112,27479,8,1355,5,183,2637,50307,116511,59,,337,246,3706,16967,532,564,14581,11381,3761,543,4304,11554,1319558,2835594
2004,2005,1/10/1966,,Newton (Melkite U.S.),,,,,1,1,1,,,35,4,,8,47,15,62,2,,,1,5,43,,3,35,28,6,,1,,,,,,8,,,,,,,,,,,,,0,0,,,,,,,,,,,1,1,0,,1,1,2,,,,,,,,,,,,,361,1381,1744,,,,,,362,18,36,422,445,101,12,113,179,27207,
2004,2005,8/16/1953,CT,Norwich,,,,,1,,1,,,81,6,1,49,137,55,191,10,0,,2,,59,21,250,78,67,12,1,,,,,,,10,23,,,1,8,29,,,,,3,246,0,0,,,,,1,100,,,,,1,4,0,2,6,0,,,,4,2231,1,62,23,3872,,,,,2908,14941,24020,3,,4,36,433,2628,112,295,2913,1965,487,184,671,2424,228824,683089
2004,2005,1/13/1962,CA,Oakland,,,,,1,,1,,,133,2,,64,199,102,301,20,4,3,0,98,101,60,365,86,52,13,19,1,,,1,,,2,15,,,1,29,117,1,100000,,,2,3000,0,0,5,2000,6,31000,3,30000,1,2000,4,31000,0,0,0,13,3,271,284,3,6397,3,1954,6,4325,47,13215,,,,,2003,27900,56078,10,38,10,36,1496,9266,568,950,8303,3225,1083,319,1402,2773,450235,2462166
2004,2005,,NY,Ogdensburg,,,,,1,,,,,90,6,,49,145,7,152,0,0,,3,0,66,10,147,111,71,2,35,1,,2,,,,13,,,4,1,16,592,,,,,3,332,0,0,,,,,4,11000,,,,,0,0,0,6,0,0,6,,,2,758,,,18,2613,,,,,2453,8070,13900,1,,,5,242,1318,329,94,1313,1312,346,169,515,1743,123498,493338
2004,2005,2/6/1973,OK,Oklahoma City,,,1,,,,,1,3,68,1,,26,95,27,122,19,2,,1,,70,10,132,68,61,7,,,,,,,,46,,,1,2,20,65,6,1141916,2,400,5,360,0,0,2,365,,,,,1,30,,,0,0,0,14,0,0,14,1,700,2,905,,,17,3493,3,671,,,3287,8975,18045,10,1,4,15,430,2227,322,567,1893,1260,379,257,636,795,106330,2700550
2004,2005,,NE,Omaha,,,1,,,,,1,1,131,7,,67,205,95,300,14,2,,5,12,178,27,338,138,102,3,32,1,,,,,,14,3,,,1,23,100,6,417916,0,0,4,364,0,0,5,125,2,120,14,138009,,,1,41622,0,0,0,30,0,0,30,2,7763,12,2928,5,2300,50,14799,2,188,1,40,4120,14066,46234,23,0,0,19,1939,4357,387,489,4251,4134,886,488,1374,1759,230010,873963
2004,2005,6/18/1976,CA,Orange in California,,,,,1,2,1,1,,104,3,1,44,152,102,254,22,3,2,1,,80,9,330,56,48,7,1,,,,,,,4,4,,,1,30,139,3,638484,4,20072,1,60,0,0,2,166,6,281,9,3270037,,,1,98,0,0,0,33,2,23,56,,,4,5982,4,1411,37,13739,2,648,,,7985,35320,65141,7,,5,36,1225,15974,484,534,13573,5104,2277,583,2860,2914,1170480,3000000
2004,2005,6/18/1968,FL,Orlando,,,,,1,,1,,,92,7,,28,127,46,173,36,,,2,8,155,13,104,73,65,9,,,9,,,,,10,,1,,3,23,261,,,,,,,0,0,11,975,,,7,19286,1,42,,,0,0,0,16,0,0,16,,,5,2664,,,31,12310,,,1,60,3893,23349,42292,1,,25,24,1066,6254,539,657,6244,4305,975,446,1421,3717,346842,3626981
2004,2005,11/18/1996,,Our Lady of Deliverance - Syriac,,,,,1,,,,,9,2,,,11,,11,,,,,,3,,,9,8,,1,,,,,,,4,,,,,,,,,,,,,0,0,,,,,,,,,,,0,2,0,,0,0,2,,,,,,,,,,,,,54,324,380,,,,,,54,6,6,60,60,32,6,38,22,18200,
2004,2005,3/12/1994,,Our Lady of Lebanon of L.A.,,,,,1,,1,,,30,,,1,31,15,46,,1,,,,11,,6,25,19,6,,,,,,,,14,,,,,,,,,,,,,1,20,1,200,,,,,,,,,,,0,3,0,0,3,,,,,,,,,1,35,,,450,2103,2591,,,,,4,465,26,39,335,338,93,48,141,164,40232,
2004,2005,12/9/1937,KY,Owensboro,,,,,1,,,,,55,5,0,16,76,17,93,4,0,1,2,,2,5,201,79,43,4,19,,1,7,5,,,,,,,2,15,50,1,300000,,,2,164,0,0,3,184,,,2,31800,,,,,0,0,0,4,0,0,4,1,669,3,834,,,16,3103,,,,,1435,3666,9711,4,,,15,341,841,172,279,974,941,207,172,379,559,54324,837046
2004,2005,10/24/1984,FL,Palm Beach,,,,,1,,1,,,79,2,,34,115,29,144,9,3,,1,,45,3,134,49,44,5,,,,,,,,4,,,,3,29,91,,,,,,,0,0,,,,,23,12000,3,18,0,0,1,12,60,3,0,0,15,,,3,2216,,,15,5749,2,615,,,2721,16731,28047,6,,2,18,593,4641,304,410,4024,2555,669,257,926,2725,272635,1912632
2004,2005,2/21/1969,,Parma-Byzantine,,,,,1,,,,,26,1,,11,38,1,39,6,1,,,,9,,10,31,29,,2,,,,,,,5,1,,2,,2,1,,,,,,,,,2,56,,,5,10000,,,,,,,,,,,,,,,,,,2,236,,,,,162,570,968,,,,3,17,127,16,33,94,149,32,11,43,175,12402,
2004,2005,7/31/1963,,Passaic - Byzantine,,,,,1,,1,,,60,7,,12,79,11,90,3,,,,1,24,1,14,90,54,7,29,,,,,,,4,,,2,,,,,,,,,,0,0,,,,,,,,,,,0,0,0,3,0,0,3,,,,,,,,,,,,,284,1114,1401,,,,,,231,9,31,254,199,71,17,88,523,23914,
2004,2005,12/9/1937,NJ,Paterson,,,,,1,,1,2,5,151,15,,79,245,163,408,13,2,0,3,0,189,35,801,111,97,9,5,,,,,,,,5,,,2,46,115,3,780000,,,7,450,2,90,6,1600,2,1500,13,65000,12,90,,,0,0,0,11,2,3,14,2,2011,5,2445,4,1287,56,14779,3,565,,,10316,37447,68864,18,0,6,150,1292,8159,158,238,7778,4631,1232,335,1567,3541,422479,1132653
2004,2005,11/6/1975,FL,Pensacola-Tallahassee,,,,,1,,,,,48,9,,18,76,8,84,28,0,,,,56,5,35,49,47,7,11,,,,,,,9,,,,,,,1,,,,3,,0,0,,,,,4,0,,,1,0,0,0,0,17,0,0,17,,,2,742,,,9,2284,,,1,16,1720,5431,10210,1,,,7,230,793,203,274,905,786,265,135,400,429,64051,1298977
2004,2005,,IL,Peoria,,,,,1,,,1,2,147,9,,60,216,38,254,10,1,0,3,,110,13,250,165,149,16,,,,,,,,25,6,,,3,32,53,8,2935147,,,6,635,1,27,2,648,,,1,1837,1,7,,,0,0,0,35,0,0,35,1,150,7,3275,0,0,45,12004,,,,,2150,8832,26446,13,,2,34,958,3025,340,1587,3825,2904,432,323,755,1822,145957,1635925
2004,2005,,PA,Philadelphia,1,1,,,,4,2,1,1,497,30,1,139,667,357,1024,35,4,1,5,16,220,117,3253,275,253,22,,,,,,,,7,22,1,5,1,162,391,7,704260,1,188,39,5814,4,867,3,184,5,1799,17,69312,7,446,9,12616,1,55,105,,1,14,69,11,37915,21,21981,15,7626,209,69613,15,4581,5,327,8216,48728,199056,105,,41,583,8819,16127,1047,699,14807,15461,3760,1632,5392,12667,1479895,3875021
2004,2005,5/28/1913,,Philadelphia-Ukrainian,,,1,1,,,2,,,52,,,8,60,6,66,8,,,,,5,,80,74,56,4,,,,,,,,,,,2,,35,10,,,,,1,240,0,0,1,100,,,,,,,,,1,2,2,,0,0,2,1,951,,,1,375,5,785,,,,,150,697,2960,,,,24,344,240,13,27,173,255,55,22,77,429,60565,
2004,2005,12/2/1969,AZ,Phoenix,,,,1,1,,1,,,84,2,,37,123,100,223,65,0,,1,17,235,18,218,89,62,11,,4,,,1,,,25,,1,1,13,176,421,1,344817,1,99860,11,522,0,0,32,1330,8,890,13,1729990,1,26,,,0,0,0,22,0,0,22,,,5,3610,1,1205,28,9134,,,,,6633,35743,56347,8,0,2,45,851,14681,1071,1252,8375,4138,1350,405,1755,3411,555669,3866361
2004,2005,,PA,Pittsburgh,,,,,1,2,1,,,300,19,1,109,429,110,539,46,4,1,,,49,36,1386,215,196,11,8,,,,,,,,1,,,7,74,252,1,257986,,,9,1653,0,0,11,1205,6,5460,4,73078,1,175,,,1,12,0,14,0,0,26,3,13547,8,3203,4,709,102,22752,4,838,2,178,7180,45818,94251,5,,13,71,1839,7239,362,669,7626,8037,1857,836,2693,9497,801036,1958132
2004,2005,2/25/1924,,Pittsburgh - Byzantine,,,1,,,,,1,,50,,,15,65,10,75,8,1,,,,10,4,93,80,50,5,25,,,,,,,2,,,4,2,12,,,,,,2,375,0,0,,,,,,,,,,,1,,9,,0,0,,,,,,,,2,287,,,,,400,1261,1948,,,,3,23,258,28,50,320,287,79,29,108,490,59946,
2004,2005,,OR,Portland in Oregon,,,1,,,1,,2,2,94,5,,53,152,160,312,19,2,1,3,3,32,92,498,124,77,34,8,1,,,3,,1,24,1,,,4,16,164,9,1251151,11,15681,8,1621,0,0,4,875,6,1097,17,936826,3,82,,,1,17,123,8,0,43,68,2,5112,3,1511,7,3642,40,8531,2,450,,,3579,12677,35570,48,,13,47,1430,5898,738,556,4919,2787,792,406,1198,1870,396523,3103850
2004,2005,,ME,"Portland, ME",,,,,1,,,,,90,3,,75,168,42,210,8,1,,1,8,33,20,350,135,82,11,40,,,1,1,,,45,,,,,6,42,3,389405,5,922,6,579,0,0,2,3332,,,5,162,,,5,162,0,0,0,10,0,0,10,1,3921,1,367,2,778,18,3635,1,177,,,1394,11920,22202,0,,1,19,347,2145,237,226,2501,2853,605,305,910,2673,197531,1274923
2004,2005,,RI,Providence,,,,1,1,,4,1,1,189,11,1,100,301,110,411,19,7,,0,,108,109,577,152,137,6,9,,,,,,,6,22,,,5,14,300,1,250000,1,500,9,850,0,0,5,450,2,180,7,27770,1,3,10,150000,1,8,3,16,0,0,24,2,8405,3,2080,6,3580,43,12079,4,1509,,,9862,30257,67796,20,,33,54,1392,5678,212,374,6167,4695,1406,324,1730,5438,641835,1048319
2004,2005,11/15/1941,CO,Pueblo,,,,,1,,1,,0,35,2,1,31,69,30,99,4,0,,0,,29,3,72,52,35,10,4,2,,,1,,,54,,,,,11,54,5,902000,2,5000,1,840,0,0,,,,,1,5600,,,,,0,0,0,12,0,0,12,,,4,16,,,4,702,1,176,,,2342,4915,8163,,,0,2,71,2320,208,404,1648,871,284,110,394,1645,112500,605000
2004,2005,12/12/1924,NC,Raleigh,,,,,1,,,,,62,3,,25,90,49,139,2,1,,,,37,6,63,78,43,27,,1,,6,1,,,10,6,,,,,,,,,,,,0,0,,,,,10,63519,,,,,1,0,0,11,0,0,11,,,1,982,1,20,33,7491,,,,,4182,14501,27187,5,,,15,764,5020,265,369,3542,2142,462,379,841,1021,188101,4073983
2004,2005,8/4/1902,SD,Rapid City,,,,,1,,,,,29,2,,11,42,18,60,,1,,,1,30,5,52,91,23,4,63,,,1,,,,31,4,,2,2,8,18,,,,,,,1,5,0,0,2,2150,9,10182,,,2,,0,0,0,6,0,0,6,,,1,225,1,235,1,557,1,328,,,1148,2718,5217,2,,,3,99,638,84,123,567,425,89,74,163,454,26653,227211
2004,2005,3/27/1931,NV,Reno,,,,,1,,,,,17,1,,6,24,11,35,10,2,1,,,10,3,38,28,17,5,1,4,,1,,,,6,,,,2,8,46,1,363335,3,15000,,,0,0,2,217,,,7,356450,,,,,0,0,0,4,0,0,4,,,1,526,,,4,1115,,,,,2303,5313,9761,,,1,2,97,1613,125,177,1449,569,217,75,292,398,97927,796014
2004,2005,,VA,Richmond,,,,,1,,1,,,125,4,,34,163,34,197,,,,1,,82,14,186,146,101,8,20,4,,5,8,,,6,,,,14,186,480,9,661000,,,18,1730,0,0,2,110,,,8,11000,5,275,7,29500,0,0,0,11,0,0,11,,,9,2116,3,831,26,8648,1,478,,,6222,18870,37170,8,,,18,915,3739,550,411,3535,1943,468,445,913,1692,218675,4984210
2004,2005,,NY,Rochester,,,,,1,,,2,1,117,8,,94,213,58,271,30,1,,1,5,134,33,580,151,91,7,38,2,,9,4,,,5,,,,,68,322,2,240000,2,1250,4,1525,1,20,1,175,8,550,62,750000,10,97,,,1,0,0,6,0,0,6,,,,,7,3599,46,9120,2,472,,,,,40676,14,,,61,1290,4071,267,357,3697,3266,928,291,1219,3321,342003,1501235
2004,2005,9/23/1908,IL,Rockford,,,,,1,,2,1,2,124,6,1,51,182,59,241,19,2,2,4,,133,1,231,104,93,7,12,,,,,,,1,1,,,,,,3,523680,13,50739,8,1742,0,0,1,64,,,12,332194,,,,,0,0,0,42,0,2,44,,,6,3254,2,911,41,11371,,,,,4038,27397,47015,3,,8,18,829,6666,193,428,6839,4075,928,365,1293,2133,426037,1380053
2004,2005,4/6/1957,NY,Rockville Centre,,,,,1,3,1,,,248,9,1,124,382,83,465,106,4,,4,12,248,87,1327,134,130,4,,,,,,,,1,,,,1,90,219,5,694391,3,57332,3,1237,3,292,,,8,1201,27,50694,17,186,120,93960,1,25,16,1,0,3,29,2,7089,5,4970,6,7405,58,24444,4,994,1,64,3000,150000,197995,11,,43,83,1879,18086,854,386,20497,18039,4146,947,5093,12882,1444595,3228215
2004,2005,,CA,Sacramento,,,,,1,1,1,1,1,118,3,,56,177,67,244,26,2,1,1,13,124,23,173,99,86,9,,2,,2,,,,42,3,1,,1,20,81,6,497621,,,1,118,1,32,4,1713,1,23,10,154057,,,,,0,0,0,47,2,5,52,,,4,1876,3,2709,47,11446,,,,,2500,16100,34683,11,,6,19,832,10336,567,946,7370,6220,1092,386,1478,2681,530707,330220
2004,2005,2/26/1938,MI,Saginaw,,,,,1,,,,,59,2,,39,100,9,109,6,,,,,15,1,125,107,61,5,16,1,,14,6,4,,,,,1,1,53,18,1,261065,1,10850,1,100,4,340,8,295,,,,,,,,,0,0,,4,0,0,4,,,3,796,,,24,3553,,,,,1526,8535,14414,1,,,5,272,1601,186,192,1759,1887,376,278,654,1666,139102,724142
2004,2005,,KS,Salina,,,,,1,,2,,,42,2,,20,64,10,74,3,1,,,,,1,190,88,37,1,35,,,4,11,,,,,,,,,,,,,,4,314,0,0,,,,,,,,,,,0,0,0,8,0,0,8,,,5,746,,,12,1934,,,,,1882,4802,9372,3,,,3,240,940,92,153,708,767,228,207,435,699,47423,325116
2004,2005,,UT,Salt Lake City,,,,,1,,,1,1,41,2,1,13,57,27,84,9,1,,,25,65,11,47,47,31,9,4,,,1,2,,,16,,,,1,3,24,,,,,1,1075,0,0,5,233,,,3,407213,,,,,0,0,0,13,0,0,13,,,3,1716,,,11,3572,,,,,1521,7170,13992,4,,,2,360,3805,465,447,2662,1343,431,165,596,527,180000,2351467
2004,2005,10/16/1961,TX,San Angelo,,,,,1,,,,,22,3,,7,32,17,49,22,,,,21,62,,18,49,30,8,10,,,1,,,,24,,,,,6,2,,,,,,,0,0,,,,,,,,,,,0,0,0,5,0,0,5,,,,,,,3,608,,,,,4430,8100,13143,,,,2,68,2008,180,177,2099,1466,368,119,487,786,83457,673801
2004,2005,,TX,San Antonio,,,1,1,,2,1,,,95,9,,47,151,205,356,52,3,1,,21,329,71,812,139,84,38,15,,,,,,2,34,2,,,3,28,137,3,251000,3,,9,799,3,335,9,762,5,3208,10,,,,1,130,1,8,43,1,9,24,33,4,11505,3,857,7,2611,34,9193,6,1982,,,6218,19400,51799,32,3,15,89,1302,11690,756,591,8906,5612,1880,364,2244,4580,666624,2036098
2004,2005,11/6/1978,CA,San Bernardino,,,,,1,,,,,67,2,,45,114,103,217,27,,,,,91,15,157,97,47,22,15,1,,6,6,,,13,,,,,9,148,2,161710,,,2,72,0,0,1,475,3,,19,32497,,,,,1,11,0,16,0,0,27,,,2,938,,,30,7379,1,366,,,7768,35315,51793,3,,,18,422,12268,775,1215,12631,5945,1803,218,2021,2914,1576863,3698211
2004,2005,7/11/1936,CA,San Diego,,,,,1,2,,1,1,111,3,2,64,180,92,272,82,2,,2,11,110,14,312,98,85,11,1,,,,1,,,17,1,1,1,,,,1,21214,1,18200,5,575,1,85,1,625,15,85640,34,101249,1,65,4,1457,0,0,0,15,0,0,15,1,7486,3,2382,2,1477,43,13246,1,341,1,210,6725,37737,69619,3,,,27,986,11088,1079,607,8357,3727,1522,489,2011,2539,945867,3087636
2004,2005,,CA,San Francisco,,,1,,1,2,1,,,138,8,2,72,220,170,390,61,4,,,,61,50,846,90,75,13,2,,,,,,,11,6,,,,35,3183,3,468513,20,200000,12,2859,10,16500,5,500,8,55000,8,15407,8,500,35,773800,1,13,72,3,1,8,24,3,11499,4,2948,10,5425,63,17313,7,1535,,,5445,19476,63665,14,,6,68,1965,5304,493,435,3405,2327,802,208,1010,1934,422397,1695211
2004,2005,1/27/1981,CA,San Jose in California,,,,,1,,1,,,75,5,,47,127,189,316,21,1,,1,,9,58,350,48,40,8,,,,,,,,3,1,,,3,23,78,2,174383,1,,1,,0,0,1,150,,,1,50000,,,,,0,0,0,26,0,0,26,1,8047,2,1994,4,4358,29,10053,1,62,,,1691,12124,38355,,,,23,945,9542,507,814,5255,2811,1059,267,1326,1677,640000,1678421
2004,2005,,NM,Santa Fe,,,1,1,,,,2,,81,4,,38,123,79,202,5,4,2,3,3,202,69,242,93,66,22,,2,,3,,,,216,4,,,1,23,65,,,1,6907,1,28,0,0,1,142,3,1908,5,354027,1,16,,,0,0,0,20,5,13,33,1,2589,1,1050,1,790,18,5860,,,,,6859,16561,33742,,,6,23,456,6104,322,725,5355,3157,1197,209,1406,2893,301255,1272989
2004,2005,2/21/1962,CA,Santa Rosa in California,,,,,1,,1,,,61,6,,19,86,9,95,9,,,,,37,28,47,42,39,,2,,,1,,,,21,13,,,1,2,13,5,497995,,,1,51,1,119,1,75,,,15,54478,,,,,0,0,0,2,0,0,2,,,2,830,3,1105,12,2434,2,175,,,1894,5783,12083,3,,4,1,239,3465,145,112,2242,889,485,195,680,915,156867,881492
2004,2005,,GA,Savannah,,,,,1,,1,,,51,6,,16,73,24,97,14,4,,5,,42,8,97,52,38,14,,,,,,,,26,,,,1,9,8,3,305000,,,,,1,51,,,1,39,20,145000,,,,,0,0,0,20,0,0,20,,,2,528,3,1388,16,4396,,,,,1197,5003,12532,1,,5,13,437,1801,235,376,1477,1411,204,185,389,594,76104,2700000
2004,2005,,PA,Scranton,,,,,1,1,1,,,228,20,,90,338,70,408,15,2,,3,15,64,6,650,189,184,5,5,,,,,,,85,25,,4,6,30,25,7,826196,2,88165,4,783,5,968,9,395,9,1915,13,198696,1,154,,,,,,19,1,0,19,4,12182,9,2929,2,809,41,9549,,,1,20,15482,29710,70700,1,,,56,858,3791,511,92,4901,7203,1109,430,1539,5635,347927,1066308
2004,2005,,WA,Seattle,,,1,1,,,,1,1,122,2,1,64,189,103,292,40,4,5,,26,95,26,475,142,109,13,11,,,1,8,,,28,9,3,,,,,8,1380504,16,15556,22,2417,0,0,8,457,7,354,43,79095,10,,,,0,0,0,34,0,0,34,2,8214,3,2382,6,3346,54,15655,4,851,,,6675,30400,67557,5,,9,18,1388,6974,1000,619,5981,4067,889,672,1561,2800,562600,4808200
2004,2005,6/16/1986,LA,Shreveport,,,,,1,,,,,28,2,,6,36,16,52,6,,1,,,3,7,50,32,21,10,1,,,,,,,12,2,,,,,20,2,1029,3,457292,1,189,0,0,2,195,2,350,22,25253,1,184,4,2371,0,0,0,2,0,0,2,,,2,776,,,5,1410,,,,,685,2670,5543,,,,,151,505,107,160,499,481,73,100,173,386,39822,787803
2004,2005,1/15/1902,IA,Sioux City,,,,,,,1,,,90,10,,54,154,3,157,,1,,1,,38,,82,123,74,1,45,,3,,,,,,1,,1,,3,43,3,425189,,,3,326,0,0,,,,,5,5254,,,,,0,0,0,17,0,1,18,1,1100,8,2144,,,20,4368,,,,,3240,6981,17851,5,,,23,542,1637,91,194,1584,1592,373,241,614,1124,90629,467430
2004,2005,,SD,Sioux Falls,,,,,,,1,1,1,79,4,,35,118,37,155,11,2,,2,,31,10,357,155,73,14,63,4,1,,,,,,,2,2,3,23,46,12,550000,,,9,1500,0,0,1,75,1,60,19,26293,1,8,,,0,0,0,25,0,0,25,2,1809,3,916,,,25,4323,,,,,5877,7348,20298,2,,,8,367,1854,73,221,1770,1829,325,284,609,1119,130127,524153
2004,2005,12/17/1913,WA,Spokane,,,,,1,,,,1,43,8,1,32,84,74,158,4,1,,,,48,7,244,82,40,3,35,,,1,3,,,2,1,,,1,5,39,7,359094,,,11,863,1,32,,,2,240,16,46269,1,12,3,,1,5,2,13,0,0,18,1,6128,2,245,2,928,15,3358,,,,,647,3593,14917,,2,,,312,1511,221,148,1896,1917,211,134,345,614,97665,715452
2004,2005,,IL,Springfield in Illinois,,,,,1,,1,,,87,6,1,30,124,56,180,,,,7,,4,63,458,148,94,8,33,,,7,3,,,,,1,10,,,,7,743375,,,1,100,1,90,1,127,,,,,1,93,,,0,0,0,14,0,0,16,2,1795,2,977,5,1504,49,10921,,,,,2810,10445,28468,3,,7,48,1068,2161,327,432,2518,2295,475,407,882,1785,159709,1140554
2004,2005,,MA,Springfield in Massachusetts,,,,,1,,2,,,97,7,1,46,151,44,195,10,1,,2,,56,9,565,120,8,112,,,,,,,,12,2,,,1,26,37,1,162366,3,6800,11,1500,1,139,1,126,1,4900,4,62909,1,1400,,,0,0,0,8,0,0,8,1,1002,4,1587,,,22,5598,,,,,6638,20544,35377,,,,28,341,3266,118,120,3330,2674,819,179,998,4092,236357,800000
2004,2005,8/24/1956,MO,Springfield-Cape Girardeau,,,,,1,,,1,3,50,1,,18,69,49,118,11,1,1,,3,11,62,97,66,45,8,10,1,,2,,,,19,4,1,,,19,28,6,869667,,,1,349,0,0,1,45,,,2,1998,,,1,47231,0,0,0,4,2,18,22,,,3,960,,,22,3731,,,,,1309,4038,10060,,,1,3,268,715,505,201,1187,1160,172,211,383,600,63162,1226079
2004,2005,,FL,St. Augustine,,,,,1,,1,,,62,6,,21,89,26,115,23,2,,1,,33,3,120,50,46,4,,,,,,,,8,,,,,,,1,172770,,,2,630,0,0,,,,,9,76500,4,21,5,375,0,0,0,11,0,,11,,,4,2109,,,29,10473,,,1,108,1840,7927,22468,,,,21,731,2218,284,435,2418,2418,454,293,747,1123,162329,1785529
2004,2005,,MN,St. Cloud,,,,,1,,1,1,1,72,1,,51,124,105,229,4,,1,1,5,48,68,559,137,66,12,59,,,,,,,,,,,,9,50,4,254335,,,13,1163,1,234,,,,,60,40441,7,52,12,747,0,0,0,15,1,2,17,2,4069,1,772,1,320,31,4842,,,,,6531,13210,29761,17,,7,29,715,2347,88,174,2337,2274,645,276,921,1467,151399,526001
2004,2005,12/4/1982,OH,St. George's in Canton Romanian,,,,,1,,1,,,11,,,5,16,2,18,4,,,,1,3,,,15,9,2,4,,,,,,,4,,,,,,,,,,,,,0,0,,,,,,,,,,,0,0,0,1,0,0,1,,,,,,,,,,,,,15,54,70,,,,,,23,3,4,17,17,8,3,11,22,5000,
2004,2005,12/3/1983,OH,St. Josaphat in Parma,,,,,1,,,,,28,3,,7,38,1,39,6,,,,3,8,10,5,38,30,1,7,,,,,,,2,,,,,3,,,,,,3,173,0,0,,,,,,,,,,,0,0,0,4,0,0,4,,,,,,,2,217,,,,,48,358,627,,,,1,25,101,4,3,87,105,47,9,56,141,11032,
2004,2005,,MO,St. Louis,,,1,,,1,1,1,2,313,5,6,68,392,353,745,,1,3,,8,255,124,1873,213,190,23,12,,,,,,,8,,1,1,,,,10,1905855,,,12,41211,6,4904,8,22787,10,5454,20,367909,,,,,1,36,25,5,2,201,242,2,15449,13,6008,15,9332,123,33868,10,2612,9,257,865,23409,92042,41,,56,130,3664,6150,735,835,6275,6311,1600,758,2358,4397,550000,2118741
2004,2005,1/10/1966,NY,"St. Maron, Brooklyn",,,,1,1,,1,1,,36,5,,17,58,8,66,4,,,,1,13,9,2,34,34,,,,,,,,,7,,,,,,,,,,,,,0,0,,,,,,,,,1,,1,2,2,,0,0,2,,,,,,,,,,,,,176,875,1053,,,,,,379,10,67,286,375,84,25,109,201,33000,
2004,2005,1/1/1961,IL,St. Nicholas Chicago Ukrainian,,,,,1,,1,1,,15,1,,6,22,11,33,9,1,,,,11,,4,37,23,3,9,,,,,,,6,,,,,4,,,,,,,,0,0,,,,,,,,,,,0,0,0,4,0,0,4,,,1,74,,,2,305,,,,,200,300,883,,,,2,38,201,4,4,201,209,48,10,58,210,10000,
2004,2005,,MN,St. Paul and Minneapolis,,,1,,,1,,,,220,9,2,104,335,147,482,44,6,,15,10,221,65,991,221,57,34,136,2,,,4,,,5,4,1,,2,71,,4,203892,1,175,8,27928,1,2400,,,4,1200,19,10000,3,904,,,2,74,77,3,1,20,97,3,16835,10,7602,3,452,95,29858,3,450,,,23442,66500,145236,16,,11,64,1490,10244,390,1861,9953,7864,1780,1037,2817,4467,830286,2949643
2004,2005,7/25/2002,CA,St. Peter (Chaldean),,,,,1,,,,,7,1,,,8,3,11,,,,,,,,12,7,4,3,,,,,,,,,,,,,,,,,,,2,150,0,0,,,,,2,110,,,,,0,0,0,,0,0,,,,,,,,,,,,,,,,0,,,,,,283,,,280,283,83,3,86,67,40200,
2004,2005,6/17/1968,FL,St. Petersburg,,,,,1,,2,,,88,5,2,28,123,122,245,98,2,,2,47,103,41,301,73,61,11,1,,,,,,,6,1,,,9,80,,2,505000,7,35000,9,950,,,12,2500,4,700,11,21000,,,,,0,0,0,19,0,0,19,1,12677,4,2097,2,987,33,9311,3,1034,2,130,2898,19380,47976,6,,4,30,780,4788,668,630,5125,3814,944,525,1469,4244,398702,2660220
2004,2005,3/13/2001,,St. Thomas Syro-Malabar,,,,,1,,,,,35,,,,35,5,40,,,,,,,,13,7,5,2,,,,,,,,24,1,3,,,,,,,,,,,0,0,,,,,,,,,,,0,0,0,,0,0,,,,,,,,,,,,,,1120,1325,2445,,,,,,113,2,5,220,157,29,6,35,13,85000,
2004,2005,1/26/1982,MI,St. Thomas the Apostle,,,,,1,,,,,10,,,2,12,,12,,,,,,,,9,8,8,,,,,,,,,,,,,,,,,,,,1,60,0,0,,,,,1,100,,,,,0,,0,1,0,0,1,,,,,,,,,,,,,,,1,,,,,,871,680,,,,272,12,284,154,75000,
2004,2005,4/20/1977,VI,"St. Thomas, Virgin Islands",,,,,1,,1,,,8,5,,1,14,4,18,1,,,,,27,3,14,8,6,2,,,,,,,,2,,,,,,,,,,,,,0,0,,,,,5,458,,,,,0,0,0,1,0,0,1,,,2,197,,,3,559,,,,,173,491,1421,,,1,1,50,235,18,8,250,119,52,20,72,165,30000,110000
2004,2005,8/8/1956,CT,Stamford-Ukrainian,,,,,1,,,,,28,1,,7,36,13,49,27,1,,,,9,4,33,51,42,5,4,,,,,,,4,,,,,,,,,,,1,30,0,0,1,44,,,2,160,,,,,1,0,11,11,1,3,14,,,1,150,,,2,179,,,,,315,762,1420,,,,3,22,148,3,2,134,149,50,2,52,427,16600,
2004,2005,1/1/1944,OH,Steubenville,,,,,1,,2,,,54,9,,37,100,24,124,6,3,,,,5,10,74,70,69,1,28,,,,,,,2,,,1,1,3,19,1,272501,,,,,0,0,,,,,1,20824,1,185,,,0,0,0,7,0,,7,1,2374,3,657,,,14,2213,,,,,676,2126,8053,2,,,8,209,534,175,101,646,888,132,131,263,705,40001,516405
2004,2005,1/13/1962,CA,Stockton,,,,,1,,1,,,46,5,,15,66,16,82,19,,,,,40,4,62,33,28,4,,,,1,,,,10,,,,2,10,47,2,281880,1,8331,2,637,0,0,,,,,1,78180,,,,,0,0,0,10,0,0,10,,,2,1603,,,12,3417,,,,,302,12003,17335,1,,1,5,279,6938,287,596,4432,2767,785,172,957,1614,204206,1239269
2004,2005,5/3/1905,WI,Superior,,,,,1,,,,,40,,,30,70,10,80,4,,,1,2,57,3,97,110,40,5,60,,,1,4,,,,,1,2,2,9,31,7,309409,2,84482,24,421,0,0,2,171,,,6,766,19,201,16,1176,0,0,0,11,0,0,11,,,,,,,17,2644,,,,,3466,7032,13153,,,1,6,201,961,257,143,1249,946,229,207,436,1149,83586,43762
2004,2005,,NY,Syracuse,,,,,1,1,,,,179,9,,80,268,64,332,14,2,,3,6,78,4,378,163,158,5,33,,1,,,1,,15,20,,,,,,3,1466340,1,300,54,,10,500,,,,,86,628000,13,125,,,0,0,0,13,1,23,36,1,3403,6,2285,1,750,29,6096,,,,,6500,28939,48009,5,,3,56,680,4601,308,528,4763,4245,1192,489,1681,4417,345736,1174887
2004,2005,4/15/1910,OH,Toledo,,,,,1,1,1,,,124,5,1,56,486,43,229,10,1,,,2,185,7,648,157,90,9,51,2,,5,,,,,,,2,,,,6,953478,,,5,2084,0,0,,,,,15,24326,,,,,0,0,0,18,0,0,18,2,2142,10,3491,4,2724,78,17699,4,645,1,66,5056,22204,54045,33,,1,62,348,3335,948,498,4352,9106,940,1113,2053,2978,309828,1489769
2004,2005,,NJ,Trenton,,,,,1,,1,,,142,13,,42,197,51,248,39,4,,4,20,297,65,390,126,114,12,,,,,,,,10,,,,3,89,144,2,477030,1,4000,1,438,1,22,6,529,4,197,29,28135,1,149,,,0,0,0,23,0,0,23,1,3065,8,5724,3,1165,48,17966,2,547,1,18,949,64356,93813,3,,,100,1736,9950,688,,11669,10004,1792,515,2307,7234,785750,1367348
2004,2005,,AZ,Tucson,,,,,1,,1,,,67,8,,40,115,78,193,44,,,,,148,9,228,72,48,16,4,1,,3,,,,40,,,,9,26,66,3,460500,1,42000,,,0,0,,,,,1,405300,,,1,2500,0,0,0,14,0,0,14,,,,,6,1920,19,4764,3,745,,,4990,23356,35789,1,,7,31,369,7171,319,904,5950,3095,811,166,977,2299,352087,1542041
2004,2005,2/7/1973,OK,Tulsa,,,,,1,,,,,46,4,,27,77,27,104,10,2,,,,57,21,85,78,40,6,32,,,,,,,1,,,2,,10,39,6,105000,1,2400,,,0,0,,,2,80,4,90000,,,,,0,0,0,,14,14,14,,,1,900,1,576,10,2263,2,1020,,,2200,4500,11473,5,,3,7,354,1435,166,324,1179,779,236,161,397,496,56150,1560000
2004,2005,12/12/1986,TX,Tyler,,,,,1,,,,,42,1,1,9,53,13,66,,,,,,55,5,58,42,21,9,,,,,,,,29,1,,,3,15,72,4,1042926,35,8101,,,0,0,,,,,1,180,,,,,0,0,0,14,0,0,14,,,1,213,,,4,828,,,,,1318,5531,7904,,,2,,81,1880,208,159,1551,976,217,64,281,80,59174,1169930
2004,2005,12/3/1981,CA,Van Nuys- Byzantine,,,,,1,,1,,,13,3,,4,20,6,26,4,,,,1,10,7,4,19,14,4,1,,,,,,,,,,,7,4,,,,,,,,,,,,,,,,,,1,28,,,,1,0,0,1,,,,,,,,,,,,,110,331,442,,,,,,70,9,7,81,87,17,4,21,35,3026,
2004,2005,10/25/1984,FL,Venice,,,,,1,,,,,66,12,1,22,101,71,172,92,4,,2,,74,23,106,54,41,13,,,,,,,,7,6,,,3,20,72,2,534262,,,10,38573,0,0,1,62,3,317,9,36152,,,14,8469,0,0,0,9,0,0,9,,,3,1572,,,9,3505,,,2,82,536,10323,16027,4,,1,9,368,3556,171,727,3367,2843,468,268,736,2711,218173,1766651
2004,2005,5/29/1982,TX,Victoria in Texas,,,,,1,,,,,41,2,,9,52,6,58,12,1,,,,25,,104,50,35,4,11,,,1,,,,18,,,,,19,15,,,,,1,65,0,0,,,1,498,,,,,,,0,0,0,6,0,2,8,,,2,177,1,327,11,1855,1,245,,,3078,5947,11637,1,,,14,235,1418,56,105,1244,940,309,134,443,1099,106441,208736
2004,2005,7/22/1939,DC,Washington,1,,,,,3,1,1,2,200,31,1,66,298,752,1050,162,8,10,21,16,242,136,651,140,124,16,,,,,,,,9,1,,,5,37,410,3,378130,3,22302,6,1451,1,332,8,634,9,414,71,471,62,127,,,2,14,68,43,28,145,202,3,20645,1,631,16,9121,88,20717,9,1967,1,104,2649,25986,82022,20,,13,36,3184,5397,2499,493,6212,5844,1286,648,1934,3007,578796,2630894
2004,2005,,WV,Wheeling-Charleston,,,,,1,,,,,74,1,,41,116,68,184,8,2,,3,17,49,19,225,112,76,36,2,2,3,3,,,11,22,4,,,9,40,41,3,540774,2,8597,4,687,1,16,4,344,1,19,4,13754,,,,,0,0,0,17,0,0,17,1,1699,7,1604,1,56,25,4723,1,176,,,1247,4884,14406,,,1,3,406,968,276,269,1380,1198,188,224,412,1198,82749,1802000
2004,2005,,KS,Wichita,,,,,,,1,,,84,4,,38,126,5,131,,4,,2,,1,,299,91,66,1,24,,,,,,,,,,,1,12,35,6,625174,2,66494,2,695,0,0,1,172,1,42,,,,,1,4042,0,0,0,32,0,0,32,1,2179,4,2380,,,33,7985,,,,,2766,7415,22757,2,,,18,578,2510,282,393,2650,2169,434,346,780,966,116107,962636
2004,2005,,DE,Wilmington,,,,,1,,,,,91,9,,23,123,96,219,10,3,,2,12,92,27,242,57,52,4,1,,,,,,,19,8,,,,17,41,1,178013,1,192,5,355,3,65,3,263,4,430,17,512565,,,3,11980,0,0,0,13,0,0,13,,,5,2940,3,1745,27,9545,5,1014,1,93,1701,8998,26049,11,,3,39,989,2766,237,329,2730,2079,461,342,803,1441,220000,1215685
2004,2005,,MN,Winona,,,,,1,,1,,1,64,2,,50,116,9,125,6,,1,,,8,22,391,115,52,1,51,,,,7,,3,,2,,,2,12,74,2,74015,1,6200,10,939,0,0,3,9965,,,7,4346,,,1,91,1,4,42,8,0,0,12,1,1330,4,1218,,,26,4707,,,,,4643,9528,21438,1,,2,27,352,1977,52,211,1796,1809,350,232,582,973,130757,557684
2004,2005,1/14/1950,MA,Worcester,,,,,1,1,1,3,2,158,16,2,44,220,98,318,2,4,,2,3,96,80,414,126,123,3,3,,,,,,,2,,,,,32,88,1,269500,5,883,6,466,1,28,13,1400,7,350,7,62869,,,,,1,3,0,7,1,3,13,3,7667,4,2584,4,1485,23,5416,2,573,2,165,5573,25678,49154,4,,,23,460,3825,140,251,4028,2853,708,164,872,4092,307822,776610
2004,2005,6/23/1951,WA,Yakima,,,,,1,,,,,44,10,,22,76,11,87,,3,,,4,26,3,47,41,37,4,,,,,,,,3,1,,,,,23,1,70691,,,,,0,0,2,213,,,5,48189,,,,,0,0,0,15,0,0,15,,,,,1,172,6,1822,,,,,3516,4140,9665,,,3,4,130,2866,109,175,2219,936,354,117,471,539,77660,600055
2004,2005,5/15/1943,OH,Youngstown,,,,,,,1,,,111,6,1,58,176,22,198,6,,,1,,65,17,152,116,89,4,23,,,,,,,2,,,,,31,82,3,49253,19,1023596,9,558,0,0,7,681,7,1002,16,48496,,,3,147,0,0,0,16,0,0,16,1,1951,6,2588,,,43,8435,2,74,,,1826,15249,30139,3,,,17,700,2389,292,356,2406,2605,619,368,987,2969,233999,1220477
,,,,,,,,,,,,,,,,,,,,,,,,,,,,,,,,,,,,,,,,,,,,,,,,,,,,,,,,,,,,,,,,,,,,,1842,5245,,,,,,,,,,,,,,,,,,,,,,,,,,,,,,,
,,,,,,,,,,,,,,,,,,,,,,,,,,,,,,,,,,,,,,,,,,,,,,,,,,,,,,,,,,,,,,,,,,,,,,,,,,,,,,,,,,,,,,,,,,,"  945,360 ","  71,253 ","  81,246 ","  845,742 ","  626,347 ",,,"  218,319 ","  461,815 ","  64,723,609 ","  288,766,489 "
,,,,,,,,,,,,,,,,,,,,,,,,,,,,,,,,,,,,,,,,,,,,,,,,,,,,,,,,,,,,,,,,,,,,,,,,,,,,,,,,,,,,,,,,,,, ` ,"  71,253 ","  81,246 ","  845,742 ","  626,347 ",,,"  218,319 ","  461,815 ","  64,723,609 ","  288,766,489 "